{"cameraMode":{"drawMode":0,"name":"Shaded","section":"Shading Mode"},"sceneLighting":true,"audioPlay":false,"sceneViewState":{"showFog":true,"showMaterialUpdate":false,"showSkybox":true,"showFlares":true,"showImageEffects":true,"showParticleSystems":true,"showVisualEffectGraphs":true,"m_FxEnabled":true},"in2DMode":false,"pivot":{"x":-10.455259323120118,"y":-2.754904270172119,"z":0.25149407982826235},"rotation":{"x":0.17528724670410157,"y":-0.6966041326522827,"z":0.18181566894054414,"w":0.6715752482414246},"size":6.9521050453186039,"orthographic":false}