{"cameraMode":{"drawMode":0,"name":"Shaded","section":"Shading Mode"},"sceneLighting":true,"audioPlay":false,"sceneViewState":{"showFog":true,"showMaterialUpdate":false,"showSkybox":true,"showFlares":true,"showImageEffects":true,"showParticleSystems":true,"showVisualEffectGraphs":true,"m_FxEnabled":true},"in2DMode":false,"pivot":{"x":-16.271915435791017,"y":3.9462974071502687,"z":20.193931579589845},"rotation":{"x":-0.014726056717336178,"y":0.9856446981430054,"z":-0.11432992666959763,"w":-0.12596218287944795},"size":1.9600900411605836,"orthographic":false}