{"cameraMode":{"drawMode":0,"name":"Shaded","section":"Shading Mode"},"sceneLighting":true,"audioPlay":false,"sceneViewState":{"showFog":true,"showMaterialUpdate":false,"showSkybox":true,"showFlares":true,"showImageEffects":true,"showParticleSystems":true,"showVisualEffectGraphs":true,"m_FxEnabled":true},"in2DMode":false,"pivot":{"x":-3.0080671310424806,"y":0.24996937811374665,"z":-17.826887130737306},"rotation":{"x":0.013709604740142823,"y":0.47632086277008059,"z":0.007425304502248764,"w":-0.8791671991348267},"size":0.03282463550567627,"orthographic":false}